City_ID,City,Lat,Lng,Max Temp,Humidity,Cloudiness,Wind Speed,Country,Date
0,Santa Rosa,14.3122,121.1114,85.1,86,99,13.47,PH,2022-11-15 01:31:11
1,Pevek,69.7008,170.3133,-9.49,100,100,3.09,RU,2022-11-15 01:26:43
2,Lavrentiya,65.5833,-171.0,21.6,87,17,8.19,RU,2022-11-15 01:31:11
3,Labrea,-7.2586,-64.7981,75.7,89,100,0.94,BR,2022-11-15 01:31:12
4,Ponta Pora,-22.5361,-55.7256,61.14,90,0,3.15,BR,2022-11-15 01:31:12
5,Kavieng,-2.5744,150.7967,85.6,69,73,9.71,PG,2022-11-15 01:31:12
6,Ushuaia,-54.8,-68.3,47.86,81,0,4.61,AR,2022-11-15 01:31:13
7,Mataura,-46.1927,168.8643,73.17,39,98,3.98,NZ,2022-11-15 01:31:13
8,Kapaa,22.0752,-159.319,82.38,72,40,14.97,US,2022-11-15 01:31:13
9,Iquitos,-3.7481,-73.2472,75.24,94,75,2.3,PE,2022-11-15 01:31:14
10,Atuona,-9.8,-139.0333,77.74,76,4,14.9,PF,2022-11-15 01:31:14
11,Mar Del Plata,-38.0023,-57.5575,60.1,97,100,18.01,AR,2022-11-15 01:31:14
12,Hobart,-42.8794,147.3294,48.25,91,100,20.71,AU,2022-11-15 01:26:40
13,Sistranda,63.7256,8.834,44.56,85,100,23.69,NO,2022-11-15 01:31:15
14,Aitape,-3.1374,142.3475,76.93,92,100,4.03,PG,2022-11-15 01:31:15
15,Grindavik,63.8424,-22.4338,41.47,93,75,9.22,IS,2022-11-15 01:31:16
16,Port Alfred,-33.5906,26.891,64.18,86,41,1.99,ZA,2022-11-15 01:31:16
17,Rikitea,-23.1203,-134.9692,74.93,82,100,14.03,PF,2022-11-15 01:31:16
18,Nelson Bay,-32.7167,152.15,75.25,53,71,5.99,AU,2022-11-15 01:31:17
19,Qaanaaq,77.484,-69.3632,-2.45,79,47,5.32,GL,2022-11-15 01:31:17
20,Sitka,57.0531,-135.33,48.09,71,100,21.85,US,2022-11-15 01:31:17
21,Cayenne,4.9333,-52.3333,80.64,83,0,4.61,GF,2022-11-15 01:27:51
22,Carnarvon,-24.8667,113.6333,83.57,35,0,7.18,AU,2022-11-15 01:31:18
23,Estevan,49.1334,-102.9842,5.34,85,0,5.75,CA,2022-11-15 01:29:14
24,Upernavik,72.7868,-56.1549,23.52,86,100,14.52,GL,2022-11-15 01:31:18
25,Makokou,0.5738,12.8642,68.81,98,89,2.01,GA,2022-11-15 01:31:19
26,Provideniya,64.3833,-173.3,30.31,55,100,13.42,RU,2022-11-15 01:31:19
27,Bluff,-46.6,168.3333,64.58,57,100,7.49,NZ,2022-11-15 01:31:19
28,Vestmannaeyjar,63.4427,-20.2734,45.86,81,100,11.12,IS,2022-11-15 01:31:20
29,Tucuman,-26.8241,-65.2226,69.8,73,0,2.3,AR,2022-11-15 01:31:20
30,Busselton,-33.65,115.3333,67.51,44,0,7.54,AU,2022-11-15 01:31:20
31,Norman Wells,65.282,-126.8329,19.44,86,75,20.71,CA,2022-11-15 01:31:21
32,Ponta Do Sol,32.6667,-17.1,67.71,71,94,1.03,PT,2022-11-15 01:31:21
33,Moerai,-22.4333,-151.3333,70.9,84,100,8.68,PF,2022-11-15 01:31:21
34,Klaksvik,62.2266,-6.589,49.12,88,100,34.61,FO,2022-11-15 01:31:22
35,Mount Isa,-20.7333,139.5,82.17,26,1,10.36,AU,2022-11-15 01:31:13
36,Codrington,-38.2667,141.9667,51.91,64,96,17.56,AU,2022-11-15 01:31:22
37,Punta Arenas,-53.15,-70.9167,51.91,82,75,12.66,CL,2022-11-15 01:27:40
38,Dikson,73.5069,80.5464,3.58,96,100,18.63,RU,2022-11-15 01:31:23
39,Hilo,19.7297,-155.09,75.25,88,75,5.75,US,2022-11-15 01:31:23
40,Lorengau,-2.0226,147.2712,84.87,69,88,3.04,PG,2022-11-15 01:31:24
41,Thompson,55.7435,-97.8558,1.56,92,0,0.0,CA,2022-11-15 01:31:24
42,Barra,-11.0894,-43.1417,78.48,64,79,0.85,BR,2022-11-15 01:31:24
43,Cherskiy,68.75,161.3,-25.49,100,96,5.37,RU,2022-11-15 01:31:25
44,Cockburn Town,21.4612,-71.1419,81.23,73,0,14.2,TC,2022-11-15 01:31:25
45,Huarmey,-10.0681,-78.1522,64.11,85,17,8.05,PE,2022-11-15 01:32:25
46,Kaeo,-35.1,173.7833,67.3,80,74,7.18,NZ,2022-11-15 01:32:26
47,Usinsk,65.9939,57.5281,1.8,85,95,8.39,RU,2022-11-15 01:32:26
48,Katakwi,1.8911,33.9661,67.21,87,77,3.83,UG,2022-11-15 01:32:26
49,Tamandare,-8.7597,-35.1047,76.3,87,9,9.75,BR,2022-11-15 01:32:27
50,Baykit,61.67,96.37,-5.91,97,100,4.54,RU,2022-11-15 01:32:27
51,Fengxian,34.7039,116.5872,54.57,46,0,7.09,CN,2022-11-15 01:32:27
52,Romny,50.751,33.4747,30.67,79,16,4.12,UA,2022-11-15 01:32:28
53,Torbay,47.6666,-52.7314,44.76,85,100,27.63,CA,2022-11-15 01:32:28
54,Saint George,37.1041,-113.5841,47.95,40,0,11.5,US,2022-11-15 01:30:06
55,Victoria,22.2855,114.1577,78.85,79,100,8.99,HK,2022-11-15 01:31:36
56,San Cristobal,7.7669,-72.225,71.78,95,69,1.3,VE,2022-11-15 01:31:35
57,Clyde River,70.4692,-68.5914,-3.77,71,0,14.97,CA,2022-11-15 01:32:29
58,Maputo,-25.9653,32.5892,65.88,82,20,11.5,MZ,2022-11-15 01:32:29
59,Hobyo,5.3505,48.5268,79.34,72,1,11.97,SO,2022-11-15 01:32:29
60,Marawi,7.9986,124.2928,81.39,62,99,3.0,PH,2022-11-15 01:32:30
61,Opuwo,-18.0607,13.84,64.17,35,2,5.59,NA,2022-11-15 01:32:30
62,Vaini,-21.2,-175.2,80.76,78,40,6.91,TO,2022-11-15 01:32:30
63,Kirakira,-10.4544,161.9205,83.84,73,30,3.27,SB,2022-11-15 01:32:31
64,Half Moon Bay,37.4636,-122.4286,57.78,67,0,4.72,US,2022-11-15 01:32:31
65,Mudkhed,19.1667,77.5167,66.7,61,2,1.77,IN,2022-11-15 01:32:32
66,Cocoa Beach,28.32,-80.6076,77.09,88,0,6.91,US,2022-11-15 01:29:43
67,Karsun,54.1994,46.9827,24.78,76,100,16.44,RU,2022-11-15 01:32:32
68,Cape Town,-33.9258,18.4232,61.27,76,0,3.44,ZA,2022-11-15 01:29:08
69,Dobson,36.3957,-80.7226,39.81,79,0,0.0,US,2022-11-15 01:32:33
70,Barrow,71.2906,-156.7887,6.82,78,0,16.11,US,2022-11-15 01:32:33
71,Yellowknife,62.456,-114.3525,27.12,100,100,17.27,CA,2022-11-15 01:30:09
72,Dicabisagan,17.0818,122.4157,81.95,78,41,5.53,PH,2022-11-15 01:32:34
73,Yarmouth,41.7057,-70.2286,42.96,60,0,13.0,US,2022-11-15 01:32:34
74,Santa-Maria,41.8762,8.9779,51.48,72,75,5.75,FR,2022-11-15 01:32:34
75,Gautier,30.3858,-88.6117,60.89,71,40,8.05,US,2022-11-15 01:32:35
76,Hermanus,-34.4187,19.2345,55.8,82,1,11.27,ZA,2022-11-15 01:32:35
77,Wanning,18.8003,110.3967,79.32,86,51,9.17,CN,2022-11-15 01:30:21
78,Tuktoyaktuk,69.4541,-133.0374,14.0,92,100,20.71,CA,2022-11-15 01:32:35
79,Butaritari,3.0707,172.7902,80.51,81,35,10.25,KI,2022-11-15 01:32:36
80,Tura,25.5198,90.2201,67.8,76,0,1.86,IN,2022-11-15 01:32:36
81,Chokurdakh,70.6333,147.9167,-15.32,99,100,10.85,RU,2022-11-15 01:30:18
82,Uruzgan,32.8333,66.0,40.42,57,0,3.27,AF,2022-11-15 01:32:36
83,Turgenevo,54.8455,46.3297,25.79,77,100,15.99,RU,2022-11-15 01:28:38
84,Bintulu,3.1667,113.0333,77.41,94,20,0.0,MY,2022-11-15 01:32:37
85,Nikolskoye,59.7035,30.7861,33.8,97,100,7.9,RU,2022-11-15 01:32:37
86,Fortuna,40.5982,-124.1573,50.67,90,0,8.05,US,2022-11-15 01:32:38
87,Darhan,49.4867,105.9228,27.03,54,12,6.67,MN,2022-11-15 01:32:38
88,Cidreira,-30.1811,-50.2056,65.41,74,0,8.52,BR,2022-11-15 01:32:38
89,Qasigiannguit,68.8193,-51.1922,28.65,90,100,15.59,GL,2022-11-15 01:32:39
90,Hofn,64.2539,-15.2082,45.63,92,100,14.09,IS,2022-11-15 01:33:39
91,Port Lincoln,-34.7333,135.8667,57.09,54,91,11.41,AU,2022-11-15 01:33:39
92,Iqaluit,63.7506,-68.5145,11.93,79,100,16.11,CA,2022-11-15 01:33:40
93,Krk,45.0258,14.5731,53.47,97,100,2.57,HR,2022-11-15 01:33:40
94,Praia Da Vitoria,38.7333,-27.0667,61.05,94,75,10.04,PT,2022-11-15 01:33:40
95,Bengkulu,-3.8004,102.2655,79.54,76,94,6.67,ID,2022-11-15 01:33:41
96,Hithadhoo,-0.6,73.0833,81.48,76,73,14.09,MV,2022-11-15 01:33:41
97,Grand Gaube,-20.0064,57.6608,72.0,65,1,1.99,MU,2022-11-15 01:33:41
98,Sibi,29.5448,67.8764,62.85,51,0,2.17,PK,2022-11-15 01:33:42
99,Praya,14.9215,-23.5087,75.74,73,20,12.66,CV,2022-11-15 01:32:48
100,Bucsani,44.8667,25.65,45.59,90,91,2.39,RO,2022-11-15 01:33:42
101,Avarua,-21.2078,-159.775,77.05,61,69,13.8,CK,2022-11-15 01:32:52
102,San Carlos De Bariloche,-41.1456,-71.3082,53.35,62,75,17.27,AR,2022-11-15 01:33:42
103,Bredasdorp,-34.5322,20.0403,59.76,65,52,8.86,ZA,2022-11-15 01:32:55
104,Hamburg,53.55,10.0,42.94,97,75,6.91,DE,2022-11-15 01:31:29
105,Kenai,60.5544,-151.2583,37.45,85,40,3.44,US,2022-11-15 01:33:43
106,Imeni Poliny Osipenko,52.4201,136.4853,20.14,76,7,5.82,RU,2022-11-15 01:33:43
107,Tambopata,-12.7333,-69.1833,74.77,91,99,1.68,PE,2022-11-15 01:33:44
108,San Patricio,28.017,-97.5169,64.89,89,46,10.54,US,2022-11-15 01:33:44
109,Sao Joao Da Barra,-21.6403,-41.0511,74.88,91,100,19.6,BR,2022-11-15 01:33:44
110,Tiksi,71.6872,128.8694,-10.84,91,100,12.39,RU,2022-11-15 01:33:45
111,East London,-33.0153,27.9116,65.41,77,100,20.51,ZA,2022-11-15 01:28:50
112,Jamestown,42.097,-79.2353,35.19,91,100,1.01,US,2022-11-15 01:33:45
113,Birao,10.2849,22.7882,67.26,33,57,5.79,CF,2022-11-15 01:33:45
114,Broome,42.2506,-75.833,33.1,72,100,4.61,US,2022-11-15 01:33:46
115,Rawson,-43.3002,-65.1023,68.36,43,48,12.17,AR,2022-11-15 01:33:46
116,Christchurch,-43.5333,172.6333,71.42,70,16,18.41,NZ,2022-11-15 01:31:46
117,Saskylakh,71.9167,114.0833,-18.98,96,92,6.11,RU,2022-11-15 01:33:46
118,Warman,52.3168,-106.5679,19.31,86,100,3.44,CA,2022-11-15 01:30:12
119,Lucea,18.451,-78.1736,80.46,80,1,9.48,JM,2022-11-15 01:33:47
120,Acajutla,13.5928,-89.8275,79.16,76,82,4.85,SV,2022-11-15 01:33:47
121,Rodniki,57.1051,41.7305,26.46,86,15,10.13,RU,2022-11-15 01:33:48
122,Ingham,42.6,-84.3833,35.55,57,100,0.0,US,2022-11-15 01:33:48
123,Ribeira Grande,38.5167,-28.7,61.77,83,20,11.01,PT,2022-11-15 01:31:41
124,Darab,28.7519,54.5444,58.75,49,0,0.78,IR,2022-11-15 01:33:48
125,Caravelas,-17.7125,-39.2481,76.15,89,100,9.95,BR,2022-11-15 01:33:49
126,Ballitoville,-29.539,31.2144,67.24,94,0,1.14,ZA,2022-11-15 01:30:39
127,Obanazawa,38.6033,140.4019,46.56,59,33,1.57,JP,2022-11-15 01:33:49
128,Arraial Do Cabo,-22.9661,-42.0278,73.56,94,100,28.01,BR,2022-11-15 01:33:50
129,Georgetown,5.4112,100.3354,78.73,96,20,2.3,MY,2022-11-15 01:30:14
130,Tamale,9.4008,-0.8393,76.71,30,97,5.01,GH,2022-11-15 01:33:50
131,Guerrero Negro,27.9769,-114.0611,64.33,56,99,8.08,MX,2022-11-15 01:31:41
132,Opunake,-39.4556,173.8583,74.12,77,30,10.07,NZ,2022-11-15 01:33:50
133,Morro Bay,35.3658,-120.8499,57.2,83,1,4.9,US,2022-11-15 01:31:22
134,Henties Bay,-22.116,14.2845,58.78,95,2,5.66,NA,2022-11-15 01:33:51
135,Itarema,-2.9248,-39.9167,79.29,77,39,13.73,BR,2022-11-15 01:34:51
136,Waipawa,-41.4122,175.5153,70.23,52,1,4.99,NZ,2022-11-15 01:34:52
137,Zheleznodorozhnyy,55.7503,38.0042,31.35,71,46,5.28,RU,2022-11-15 01:34:52
138,Albany,42.6001,-73.9662,33.4,65,23,1.01,US,2022-11-15 01:34:37
139,Macenta,8.5435,-9.471,66.74,98,33,1.07,GN,2022-11-15 01:34:52
140,Castro,-24.7911,-50.0119,62.47,96,96,5.08,BR,2022-11-15 01:34:53
141,Lebu,-37.6167,-73.65,54.55,92,20,0.58,CL,2022-11-15 01:31:40
142,Hanchuan,30.65,113.7667,51.91,52,92,3.2,CN,2022-11-15 01:34:53
143,Visby,57.6409,18.296,46.62,93,100,1.14,SE,2022-11-15 01:34:54
144,San Francisco,37.7749,-122.4194,57.83,62,40,4.61,US,2022-11-15 01:34:40
145,Namatanai,-3.6667,152.4333,85.05,66,100,9.4,PG,2022-11-15 01:34:54
146,Comodoro Rivadavia,-45.8667,-67.5,66.06,30,0,29.93,AR,2022-11-15 01:34:54
147,Hurghada,27.2574,33.8129,67.93,69,0,17.36,EG,2022-11-15 01:34:55
148,Bilma,18.6853,12.9164,65.34,26,14,9.57,NE,2022-11-15 01:34:55
149,Touros,-5.1989,-35.4608,78.66,76,59,12.12,BR,2022-11-15 01:34:55
150,Ostrovnoy,68.0531,39.5131,28.71,87,92,4.18,RU,2022-11-15 01:34:56
151,Salta,-24.7859,-65.4117,63.57,63,0,6.91,AR,2022-11-15 01:34:56
152,Mindelo,16.8901,-24.9804,74.75,64,20,17.27,CV,2022-11-15 01:34:56
153,Ancud,-41.8697,-73.8203,54.19,98,100,13.76,CL,2022-11-15 01:34:57
154,Kyra,49.5776,111.9753,23.52,53,85,3.31,RU,2022-11-15 01:34:57
155,Kahului,20.8947,-156.47,84.22,67,40,21.85,US,2022-11-15 01:32:51
156,Hasaki,35.7333,140.8333,54.28,85,100,17.43,JP,2022-11-15 01:34:58
157,Hami,42.8,93.45,39.24,38,100,4.36,CN,2022-11-15 01:32:50
158,Roma,43.2128,-75.4557,33.94,72,100,0.0,US,2022-11-15 01:31:33
159,Pemba,-12.974,40.5178,77.7,94,20,5.75,MZ,2022-11-15 01:34:58
160,Igarka,67.4667,86.5833,-24.52,90,4,6.11,RU,2022-11-15 01:34:59
161,Lompoc,34.6391,-120.4579,55.54,82,0,9.22,US,2022-11-15 01:34:59
162,Hanyang,32.1371,105.5126,50.47,77,3,1.7,CN,2022-11-15 01:34:59
163,Vila Franca Do Campo,37.7167,-25.4333,65.19,92,44,5.64,PT,2022-11-15 01:35:00
164,Oriximina,-1.7656,-55.8661,82.29,64,54,3.42,BR,2022-11-15 01:35:00
165,Severo-Kurilsk,50.6789,156.125,34.9,90,93,30.42,RU,2022-11-15 01:35:00
166,Bambous Virieux,-20.3428,57.7575,71.85,60,75,8.05,MU,2022-11-15 01:35:01
167,Kodiak,57.79,-152.4072,33.31,86,0,4.61,US,2022-11-15 01:35:01
168,Souillac,-20.5167,57.5167,71.98,60,75,8.05,MU,2022-11-15 01:35:02
169,Faanui,-16.4833,-151.75,78.69,78,100,5.23,PF,2022-11-15 01:35:02
170,Todos Santos,23.45,-110.2167,73.31,73,10,4.34,MX,2022-11-15 01:35:02
171,Saint-Philippe,-21.3585,55.7679,69.39,68,39,12.68,RE,2022-11-15 01:35:03
172,Kita,13.0349,-9.4895,76.6,62,100,1.28,ML,2022-11-15 01:35:03
173,Nome,64.5011,-165.4064,10.47,73,0,0.0,US,2022-11-15 01:31:03
174,Pathein,16.7833,94.7333,78.31,71,70,5.88,MM,2022-11-15 01:35:03
175,Port Blair,11.6667,92.75,77.04,94,40,2.3,IN,2022-11-15 01:35:04
176,Mangrol,21.1167,70.1167,74.77,50,2,7.4,IN,2022-11-15 01:35:04
177,Xining,36.6167,101.7667,34.9,55,96,2.98,CN,2022-11-15 01:31:31
178,Ramotswa,-24.8716,25.8699,65.82,71,0,10.33,BW,2022-11-15 01:35:05
179,Chicama,-7.8447,-79.1469,61.34,82,27,5.21,PE,2022-11-15 01:34:06
180,Samarai,-10.6167,150.6667,84.81,73,100,11.74,PG,2022-11-15 01:35:05
181,Bongandanga,1.5,21.05,69.73,97,96,0.63,CD,2022-11-15 01:36:05
182,Flinders,-34.5833,150.8552,72.18,69,27,1.99,AU,2022-11-15 01:36:06
183,Kondinskoye,59.6481,67.41,13.46,90,100,14.54,RU,2022-11-15 01:36:06
184,Cabo San Lucas,22.8909,-109.9124,76.3,68,0,12.66,MX,2022-11-15 01:33:44
185,Tombouctou,20.0,-3.0,77.59,15,100,7.92,ML,2022-11-15 01:36:07
186,Kaitangata,-46.2817,169.8464,68.02,57,82,7.36,NZ,2022-11-15 01:36:07
187,Pangnirtung,66.1451,-65.7125,4.71,95,100,2.64,CA,2022-11-15 01:36:07
188,Nkhotakota,-12.9274,34.2961,77.25,74,90,17.22,MW,2022-11-15 01:36:08
189,Kongoussi,13.3258,-1.5347,74.57,24,2,5.46,BF,2022-11-15 01:36:08
190,Ibra,22.6906,58.5334,67.62,66,0,1.05,OM,2022-11-15 01:36:08
191,Bobrovka,54.047,61.7455,19.44,91,100,15.7,RU,2022-11-15 01:36:09
192,Katsuura,35.1333,140.3,58.06,89,100,17.76,JP,2022-11-15 01:36:09
193,Belyy Yar,53.6039,91.3903,27.86,77,97,2.24,RU,2022-11-15 01:36:10
194,Pizarro,4.9533,-77.366,76.28,88,42,3.4,CO,2022-11-15 01:36:10
195,Aksu,41.1231,80.2644,33.91,51,52,3.53,CN,2022-11-15 01:36:10
196,San Andres,12.5847,-81.7006,82.42,78,20,8.05,CO,2022-11-15 01:32:31
197,Karratha,-20.7377,116.8463,83.86,38,3,7.56,AU,2022-11-15 01:36:11
198,Beibei,29.8256,106.4339,60.37,78,80,3.38,CN,2022-11-15 01:36:11
199,Chichli,22.8333,78.8167,62.92,52,0,1.95,IN,2022-11-15 01:36:11
200,Hastings,50.8552,0.5729,56.28,74,100,21.21,GB,2022-11-15 01:36:12
201,Bethel,41.3712,-73.414,36.93,66,0,5.01,US,2022-11-15 01:36:12
202,Orgtrud,56.1832,40.6149,26.42,87,7,8.61,RU,2022-11-15 01:36:12
203,Linjiang,41.8069,126.9078,39.09,52,3,2.93,CN,2022-11-15 01:36:13
204,Saldanha,-33.0117,17.9442,59.05,87,7,8.01,ZA,2022-11-15 01:36:13
205,Puerto Ayora,-0.7393,-90.3518,70.56,85,67,5.01,EC,2022-11-15 01:36:14
206,Alice Springs,-23.7,133.8833,74.75,29,40,10.36,AU,2022-11-15 01:34:23
207,Laguna,38.421,-121.4238,56.05,59,0,8.05,US,2022-11-15 01:35:18
208,Jiaozuo,35.2397,113.2331,60.3,23,0,3.91,CN,2022-11-15 01:36:14
209,Abu Samrah,35.3029,37.1841,60.17,61,0,0.96,SY,2022-11-15 01:36:15
210,Riyadh,24.6877,46.7219,68.14,34,0,8.63,SA,2022-11-15 01:33:36
211,Saint-Francois,46.4154,3.9054,51.24,93,100,2.3,FR,2022-11-15 01:36:15
212,El Alto,-4.2714,-81.2147,62.26,87,27,13.04,PE,2022-11-15 01:36:15
213,Itaituba,-4.2761,-55.9836,77.43,79,10,2.46,BR,2022-11-15 01:36:16
214,Airai,-8.9266,125.4092,76.8,52,54,1.99,TL,2022-11-15 01:34:06
215,Warner Robins,32.621,-83.5999,52.54,66,100,6.91,US,2022-11-15 01:31:16
216,Tumut,-35.3,148.2167,57.11,53,15,13.91,AU,2022-11-15 01:36:16
217,Luderitz,-26.6481,15.1594,58.46,94,5,7.29,NA,2022-11-15 01:36:17
218,Te Anau,-45.4167,167.7167,65.52,43,100,7.14,NZ,2022-11-15 01:36:17
219,Mehamn,71.0357,27.8492,40.91,81,75,16.11,NO,2022-11-15 01:36:17
220,Sur,22.5667,59.5289,77.68,57,0,7.05,OM,2022-11-15 01:36:18
221,Hualmay,-11.0964,-77.6139,63.84,85,17,7.27,PE,2022-11-15 01:36:18
222,Weyburn,49.6668,-103.8511,-1.34,100,64,4.05,CA,2022-11-15 01:36:18
223,Chapais,49.7834,-74.8492,20.98,95,100,7.34,CA,2022-11-15 01:36:19
224,Esperance,-33.8667,121.9,60.1,60,99,11.99,AU,2022-11-15 01:37:19
225,Sakaiminato,35.55,133.2333,58.98,72,40,5.75,JP,2022-11-15 01:37:20
226,Tuatapere,-46.1333,167.6833,69.46,44,100,7.11,NZ,2022-11-15 01:37:20
227,Richards Bay,-28.783,32.0377,67.89,70,80,0.96,ZA,2022-11-15 01:37:21
228,Mongu,-15.2484,23.1274,65.93,93,100,4.68,ZM,2022-11-15 01:37:21
229,George,-33.963,22.4617,58.55,88,94,5.75,ZA,2022-11-15 01:37:21
230,Bonthe,7.5264,-12.505,77.11,85,92,4.45,SL,2022-11-15 01:35:07
231,Biala Podlaska,52.0324,23.1165,40.62,93,100,5.66,PL,2022-11-15 01:37:22
232,Arlit,18.7369,7.3853,66.45,19,38,7.61,NE,2022-11-15 01:37:22
233,Muros,42.7762,-9.0603,60.84,85,100,25.52,ES,2022-11-15 01:37:22
234,Narsaq,60.9167,-46.05,34.02,81,100,4.29,GL,2022-11-15 01:37:23
235,Ajdabiya,30.7554,20.2263,60.57,72,0,2.57,LY,2022-11-15 01:37:23
236,Berberati,4.2612,15.7922,67.64,80,91,2.08,CF,2022-11-15 01:37:23
237,Ilulissat,69.2167,-51.1,28.42,93,100,18.41,GL,2022-11-15 01:37:24
238,Vila Velha,-20.3297,-40.2925,76.95,88,75,11.01,BR,2022-11-15 01:33:37
239,Turek,52.0155,18.5005,42.3,82,11,6.8,PL,2022-11-15 01:37:24
240,Adeje,28.1227,-16.726,74.57,49,0,8.05,ES,2022-11-15 01:35:02
241,Tucurui,-3.7661,-49.6725,76.96,89,100,4.76,BR,2022-11-15 01:37:25
242,De Aar,-30.6497,24.0123,64.99,43,89,11.36,ZA,2022-11-15 01:37:25
243,Gat,31.61,34.7642,66.4,100,11,2.89,IL,2022-11-15 01:37:25
244,Geraldton,-28.7667,114.6,84.61,17,0,20.71,AU,2022-11-15 01:34:16
245,Nanortalik,60.1432,-45.2371,29.62,89,100,9.24,GL,2022-11-15 01:37:26
246,Rio Grande,-32.035,-52.0986,62.74,84,40,17.38,BR,2022-11-15 01:37:26
247,Big Spring,32.2504,-101.4787,39.65,53,0,13.8,US,2022-11-15 01:37:18
248,Lagoa,39.05,-27.9833,62.67,72,17,11.21,PT,2022-11-15 01:37:26
249,Luanda,-8.8368,13.2343,74.19,78,70,7.76,AO,2022-11-15 01:32:53
250,Gimli,50.6336,-96.9907,26.62,74,100,14.97,CA,2022-11-15 01:37:27
251,Beringovskiy,63.05,179.3167,31.89,82,58,15.48,RU,2022-11-15 01:37:27
252,Padang,-0.9492,100.3543,77.05,85,99,2.95,ID,2022-11-15 01:37:27
253,New Norfolk,-42.7826,147.0587,47.91,83,100,1.01,AU,2022-11-15 01:37:28
254,Nizhniy Ingash,56.2,96.53,34.16,88,100,3.47,RU,2022-11-15 01:37:28
255,Acapulco,16.8634,-99.8901,82.22,83,40,8.05,MX,2022-11-15 01:34:40
256,Walvis Bay,-22.9575,14.5053,60.1,88,0,1.14,NA,2022-11-15 01:36:22
257,Biak,-0.9131,122.8766,85.19,63,100,2.71,ID,2022-11-15 01:37:29
258,Westport,41.1415,-73.3579,40.32,60,0,5.75,US,2022-11-15 01:37:29
259,Kauhajoki,62.4333,22.1833,37.38,81,97,11.39,FI,2022-11-15 01:37:29
260,Aginskoye,51.1,114.53,26.01,73,16,9.46,RU,2022-11-15 01:37:30
261,Lapi,17.716,121.8978,84.83,69,13,0.63,PH,2022-11-15 01:37:30
262,Kozhva,65.1073,57.0459,-0.53,95,91,4.83,RU,2022-11-15 01:37:30
263,Ust-Nera,64.5667,143.2,-11.76,97,100,6.13,RU,2022-11-15 01:37:31
264,Yuanping,38.7153,112.7575,43.34,35,0,2.35,CN,2022-11-15 01:37:31
265,Namibe,-15.1961,12.1522,64.35,80,100,3.62,AO,2022-11-15 01:37:31
266,Khatanga,71.9667,102.5,-8.79,97,100,14.36,RU,2022-11-15 01:37:32
267,Pedernales,18.0384,-71.744,79.57,73,0,2.82,DO,2022-11-15 01:37:32
268,Haines Junction,60.7522,-137.5108,35.55,93,100,1.14,CA,2022-11-15 01:38:32
269,Los Chiles,11.0333,-84.7167,74.03,97,100,2.93,CR,2022-11-15 01:38:33
270,Saint-Leu,-21.15,55.2833,70.32,66,15,11.32,RE,2022-11-15 01:38:33
271,Pinheiro Machado,-31.5783,-53.3811,56.05,99,100,11.9,BR,2022-11-15 01:38:33
272,Saint Anthony,45.0205,-93.218,30.65,90,100,11.5,US,2022-11-15 01:38:34
273,Dunedin,-45.8742,170.5036,64.8,66,78,8.01,NZ,2022-11-15 01:38:34
274,Slave Lake,55.2834,-114.769,26.58,93,0,3.44,CA,2022-11-15 01:38:34
275,Ondjiva,-17.0667,15.7333,68.5,33,47,3.89,AO,2022-11-15 01:38:35
276,Brae,60.3964,-1.353,51.66,85,100,28.7,GB,2022-11-15 01:38:35
277,Katobu,-4.9408,122.5276,88.59,60,78,2.64,ID,2022-11-15 01:38:35
278,Broken Hill,-31.95,141.4333,59.11,47,94,11.9,AU,2022-11-15 01:38:36
279,Los Llanos De Aridane,28.6585,-17.9182,73.13,30,0,8.05,ES,2022-11-15 01:38:36
280,Chardara,41.2547,67.9692,51.73,52,100,4.97,KZ,2022-11-15 01:38:36
281,Lubango,-14.9172,13.4925,59.61,23,73,1.39,AO,2022-11-15 01:38:37
282,Kerman,30.2832,57.0788,39.06,65,0,6.91,IR,2022-11-15 01:38:37
283,Susangerd,31.5608,48.1831,67.32,31,43,6.4,IR,2022-11-15 01:38:37
284,Ushirombo,-3.4919,31.9639,63.3,91,100,2.59,TZ,2022-11-15 01:38:37
285,Winsum,53.33,6.5208,45.1,89,55,11.79,NL,2022-11-15 01:38:38
286,Verkhnevilyuysk,63.4453,120.3167,-25.19,99,86,3.18,RU,2022-11-15 01:38:38
287,Coromandel,-18.4733,-47.2003,68.05,85,99,2.46,BR,2022-11-15 01:38:38
288,Collie,-33.3667,116.15,70.11,35,0,6.78,AU,2022-11-15 01:38:39
289,Longyearbyen,78.2186,15.6401,26.44,74,40,21.85,SJ,2022-11-15 01:38:39
290,Kloulklubed,7.0419,134.2556,77.5,75,100,12.12,PW,2022-11-15 01:38:39
291,Lahij,13.1667,44.5833,68.32,84,0,3.53,YE,2022-11-15 01:38:40
292,Novyy Rogachik,48.6768,44.0608,25.7,76,1,8.7,RU,2022-11-15 01:38:40
293,Fairbanks,64.8378,-147.7164,28.09,94,100,3.44,US,2022-11-15 01:38:40
294,Palmerston,-12.486,130.9833,91.04,62,75,8.05,AU,2022-11-15 01:38:41
295,Gladstone,-23.85,151.25,85.93,54,100,5.75,AU,2022-11-15 01:38:41
296,Pafos,34.7667,32.4167,56.98,54,20,8.05,CY,2022-11-15 01:38:41
297,Shigony,53.3875,48.6777,25.18,67,99,17.74,RU,2022-11-15 01:38:42
298,Guayama,17.9841,-66.1138,79.23,92,17,3.0,PR,2022-11-15 01:38:42
299,Hamilton,39.1834,-84.5333,36.99,72,0,10.36,US,2022-11-15 01:38:42
300,Tabou,4.423,-7.3528,76.41,88,98,3.98,CI,2022-11-15 01:38:43
301,Gazanjyk,39.2446,55.5154,47.53,65,20,5.37,TM,2022-11-15 01:38:43
302,Srednekolymsk,67.45,153.6833,-30.06,97,15,2.53,RU,2022-11-15 01:38:43
303,Abeche,13.8292,20.8324,70.18,24,71,10.58,TD,2022-11-15 01:38:44
304,Kaohsiung,22.6163,120.3133,80.55,77,40,1.14,TW,2022-11-15 01:38:44
305,Marystown,47.1666,-55.1483,40.3,82,100,37.63,CA,2022-11-15 01:38:44
306,Majene,-3.5403,118.9707,84.97,70,100,6.58,ID,2022-11-15 01:38:45
307,Coahuayana,18.7333,-103.6833,74.37,89,63,1.79,MX,2022-11-15 01:38:45
308,Port Hardy,50.6996,-127.4199,39.38,100,100,2.3,CA,2022-11-15 01:38:45
309,Zhangjiakou,40.81,114.8794,39.29,37,0,9.93,CN,2022-11-15 01:38:46
310,Pisco,-13.7,-76.2167,66.25,77,100,6.91,PE,2022-11-15 01:36:40
311,Conceicao Do Araguaia,-8.2578,-49.2647,75.2,90,100,3.09,BR,2022-11-15 01:38:46
312,Lerwick,60.1545,-1.1494,51.8,88,100,30.71,GB,2022-11-15 01:38:46
313,Khandyga,62.6667,135.6,-18.11,94,100,3.85,RU,2022-11-15 01:38:47
314,Kathmandu,27.7167,85.3167,52.02,93,20,0.0,NP,2022-11-15 01:37:01
315,Dongsheng,39.8161,109.9776,35.78,28,0,10.4,CN,2022-11-15 01:38:47
316,Chuy,-33.6971,-53.4616,61.75,94,100,12.28,UY,2022-11-15 01:37:40
317,El Retorno,2.3302,-72.6276,73.49,98,92,1.59,CO,2022-11-15 01:39:48
318,Manzanillo,20.3433,-77.1167,75.9,85,0,11.07,CU,2022-11-15 01:39:48
319,Laguna De Duero,41.5815,-4.7233,51.64,86,100,10.36,ES,2022-11-15 01:39:48
320,Alyangula,-13.8483,136.4192,76.87,88,75,8.05,AU,2022-11-15 01:39:49
321,Coffs Harbour,-30.3,153.1333,78.76,41,40,10.36,AU,2022-11-15 01:39:49
322,Talnakh,69.4865,88.3972,-23.51,90,20,4.14,RU,2022-11-15 01:39:49
323,Hay River,60.8156,-115.7999,31.98,74,40,10.36,CA,2022-11-15 01:37:29
324,Inyonga,-6.7167,32.0667,66.69,87,86,0.36,TZ,2022-11-15 01:39:50
325,Harnosand,62.6323,17.9379,37.0,79,5,13.31,SE,2022-11-15 01:39:50
326,Keskin,39.6731,33.6136,37.18,75,0,3.8,TR,2022-11-15 01:39:50
327,Kinablangan,7.6947,126.5503,84.6,72,98,5.75,PH,2022-11-15 01:39:51
328,Axim,4.8699,-2.2405,76.93,88,60,5.75,GH,2022-11-15 01:39:51
329,Ongandjera,-17.8833,15.0667,68.97,30,6,11.95,NA,2022-11-15 01:39:51
330,Burton,42.9995,-83.6163,35.69,63,100,5.75,US,2022-11-15 01:39:52
331,Vao,-22.6667,167.4833,74.71,75,2,6.08,NC,2022-11-15 01:39:52
332,Homer,59.6425,-151.5483,39.79,73,0,4.61,US,2022-11-15 01:39:53
333,Pitiquito,30.7,-112.0833,60.62,19,43,7.07,MX,2022-11-15 01:39:53
334,Port Macquarie,-31.4333,152.9167,78.89,50,26,11.56,AU,2022-11-15 01:39:53
335,Moose Factory,51.2585,-80.6094,19.4,86,20,10.36,CA,2022-11-15 01:39:53
336,Vicosa Do Ceara,-3.5622,-41.0922,69.57,87,88,6.02,BR,2022-11-15 01:39:54
337,Jibuti,11.5,42.5,70.02,76,0,14.14,DJ,2022-11-15 01:39:54
338,Leningradskiy,69.3833,178.4167,-6.02,96,72,4.41,RU,2022-11-15 01:39:54
339,Sioux Lookout,50.1001,-91.917,19.47,86,75,4.61,CA,2022-11-15 01:39:55
340,Coihaique,-45.5752,-72.0662,52.41,62,0,5.75,CL,2022-11-15 01:39:55
341,Anadyr,64.75,177.4833,28.9,86,0,17.9,RU,2022-11-15 01:39:55
342,Mount Gambier,-37.8333,140.7667,53.51,71,75,17.27,AU,2022-11-15 01:39:56
343,Umm Lajj,25.0213,37.2685,77.07,61,0,4.18,SA,2022-11-15 01:39:56
344,San Quintin,30.4833,-115.95,61.75,57,100,4.83,MX,2022-11-15 01:39:56
345,Roald,62.5833,6.1333,53.76,76,100,17.27,NO,2022-11-15 01:39:57
346,Shache,38.4167,77.2406,34.84,39,0,0.49,CN,2022-11-15 01:39:57
347,Beyneu,45.3167,55.2,37.69,65,97,21.7,KZ,2022-11-15 01:39:57
348,Olafsvik,64.8945,-23.7142,44.83,78,100,4.43,IS,2022-11-15 01:39:58
349,Aykhal,66.0,111.5,-21.84,100,78,5.55,RU,2022-11-15 01:39:58
350,Kiama,-34.6833,150.8667,72.37,69,26,5.01,AU,2022-11-15 01:39:58
351,Keetmanshoop,-26.5833,18.1333,67.32,20,0,5.19,NA,2022-11-15 01:37:40
352,Zihuatanejo,17.6333,-101.55,84.29,70,0,6.69,MX,2022-11-15 01:39:59
353,Nalut,30.3333,10.85,57.34,36,6,5.64,LY,2022-11-15 01:39:59
354,Chake Chake,-5.2459,39.7666,76.21,82,3,4.54,TZ,2022-11-15 01:39:59
355,Muncar,-8.4333,114.3333,84.51,74,100,3.0,ID,2022-11-15 01:40:00
356,Mehran,33.1222,46.1646,64.8,30,100,7.67,IR,2022-11-15 01:40:00
357,Eenhana,-17.4667,16.3333,72.23,16,70,3.47,NA,2022-11-15 01:40:00
358,Aksha,50.2814,113.2867,21.47,67,44,5.35,RU,2022-11-15 01:40:01
359,Sainte-Marie,-20.8968,55.5496,71.42,65,20,19.57,RE,2022-11-15 01:40:01
360,Bowen,-20.0167,148.2333,81.68,68,99,11.61,AU,2022-11-15 01:40:02
361,Beaverlodge,55.2166,-119.4361,20.55,97,81,4.92,CA,2022-11-15 01:40:02
362,Mayo,38.8876,-76.5119,43.12,77,40,3.44,US,2022-11-15 01:41:02
363,Mitu,1.1983,-70.1733,74.08,94,88,2.51,CO,2022-11-15 01:41:03
364,Ballina,-28.8667,153.5667,84.02,43,0,10.92,AU,2022-11-15 01:36:12
365,Sao Jose Da Coroa Grande,-8.8978,-35.1478,76.39,87,7,10.02,BR,2022-11-15 01:41:03
366,Nhulunbuy,-12.2333,136.7667,88.41,62,100,10.36,AU,2022-11-15 01:41:04
367,Ahuimanu,21.4447,-157.8378,83.91,65,20,18.41,US,2022-11-15 01:41:04
368,Lasa,46.6166,10.7002,35.02,81,14,0.67,IT,2022-11-15 01:39:55
369,Isla Vista,34.4133,-119.861,60.78,61,0,0.0,US,2022-11-15 01:41:05
370,Visnes,59.3556,5.2242,41.05,93,78,4.61,NO,2022-11-15 01:41:05
371,Champerico,14.3,-91.9167,80.31,79,17,4.61,GT,2022-11-15 01:41:05
372,Doha,25.2867,51.5333,78.78,63,0,5.75,QA,2022-11-15 01:38:32
373,Gorele,41.0308,39.0031,54.36,80,90,1.77,TR,2022-11-15 01:41:06
374,Aksarayskiy,46.7924,48.0119,30.65,62,6,12.21,RU,2022-11-15 01:41:06
375,Trairi,-3.2778,-39.2689,79.18,77,55,10.76,BR,2022-11-15 01:41:06
376,Naryan-Mar,67.6713,53.087,1.76,99,87,2.13,RU,2022-11-15 01:41:07
377,Sept-Iles,50.2001,-66.3821,26.6,77,75,8.05,CA,2022-11-15 01:41:07
378,Nakama,33.8167,130.7,67.14,59,80,5.01,JP,2022-11-15 01:41:07
379,Yangambi,0.8102,24.4336,68.77,98,100,1.59,CD,2022-11-15 01:41:08
380,Bandarbeyla,9.4942,50.8122,76.84,73,7,13.62,SO,2022-11-15 01:41:08
381,Berlevag,70.8578,29.0864,40.95,70,100,24.16,NO,2022-11-15 01:41:08
382,Eston,51.1501,-108.7514,13.03,97,93,7.96,CA,2022-11-15 01:41:09
383,Hommersak,58.9317,5.8511,47.21,81,0,0.0,NO,2022-11-15 01:41:09
384,Tigil,57.8,158.6667,25.59,84,100,9.13,RU,2022-11-15 01:41:09
385,Camacha,33.0833,-16.3333,63.82,88,20,4.61,PT,2022-11-15 01:41:10
386,Bayeux,-7.125,-34.9322,77.63,88,20,4.61,BR,2022-11-15 01:41:10
387,Sabara,-19.8864,-43.8067,70.21,83,75,3.44,BR,2022-11-15 01:41:10
388,Baruun-Urt,46.6806,113.2792,25.5,39,19,10.13,MN,2022-11-15 01:41:11
389,Cabedelo,-6.9811,-34.8339,77.67,81,27,10.71,BR,2022-11-15 01:41:11
390,Bataipora,-22.2953,-53.2711,67.82,97,85,0.98,BR,2022-11-15 01:41:11
391,Iralaya,15.0,-83.2333,79.45,84,100,9.84,HN,2022-11-15 01:41:12
392,Chenzhou,25.8,113.0333,51.57,93,99,2.1,CN,2022-11-15 01:41:12
393,Ziguinchor,12.5833,-16.2719,75.11,78,81,5.84,SN,2022-11-15 01:41:12
394,Yanam,16.7333,82.2167,74.71,73,0,4.07,IN,2022-11-15 01:41:13
395,Sobolevo,54.4299,31.8996,30.7,84,89,5.84,RU,2022-11-15 01:41:13
396,Whitehorse,60.7161,-135.0538,39.97,65,100,8.05,CA,2022-11-15 01:36:34
397,Tambo,-14.8,-73.9167,39.31,45,47,4.43,PE,2022-11-15 01:41:14
398,Nouadhibou,20.931,-17.0347,69.78,73,0,10.36,MR,2022-11-15 01:41:14
399,Verkhnyaya Inta,65.9811,60.3094,-3.5,89,100,4.81,RU,2022-11-15 01:41:14
400,Koslan,63.4564,48.8989,7.11,96,71,5.35,RU,2022-11-15 01:41:15
401,Luena,-11.7833,19.9167,60.13,97,91,2.15,AO,2022-11-15 01:41:15
402,Masallatah,32.6167,14.0,63.43,67,0,5.08,LY,2022-11-15 01:41:15
403,Jijiga,9.35,42.8,56.88,38,0,8.3,ET,2022-11-15 01:41:16
404,La Ronge,55.1001,-105.2842,21.45,86,100,3.44,CA,2022-11-15 01:41:16
405,Paratinga,-12.6906,-43.1842,72.52,91,100,3.44,BR,2022-11-15 01:41:16
406,Banda Aceh,5.5577,95.3222,79.54,82,100,12.3,ID,2022-11-15 01:41:17
407,Ariquemes,-9.9133,-63.0408,76.37,80,91,1.48,BR,2022-11-15 01:36:24
408,Mahebourg,-20.4081,57.7,71.89,60,75,8.05,MU,2022-11-15 01:42:17
409,Tomatlan,19.9333,-105.25,70.81,91,57,1.12,MX,2022-11-15 01:42:17
410,Tual,-5.6667,132.75,83.97,71,62,1.77,ID,2022-11-15 01:42:18
411,Atar,20.5169,-13.0499,81.37,19,62,8.93,MR,2022-11-15 01:42:18
412,Zhigansk,66.7697,123.3711,-32.12,100,45,0.47,RU,2022-11-15 01:42:19
413,Aripuana,-9.1667,-60.6333,75.74,80,82,2.53,BR,2022-11-15 01:42:19
414,Guamuchil,25.4667,-108.1,72.75,75,26,3.09,MX,2022-11-15 01:42:19
415,Batemans Bay,-35.7167,150.1833,63.1,58,59,11.59,AU,2022-11-15 01:39:28
416,Conde,-7.2597,-34.9075,76.46,88,20,4.61,BR,2022-11-15 01:38:28
417,Champasak,14.75,106.0,82.45,72,75,1.07,LA,2022-11-15 01:42:20
418,Port Elizabeth,-33.918,25.5701,62.89,88,0,12.66,ZA,2022-11-15 01:39:59
419,French Harbor,16.35,-86.4333,77.0,94,40,3.44,HN,2022-11-15 01:42:20
420,Tuyen Quang,21.8233,105.2181,80.02,70,94,1.77,VN,2022-11-15 01:38:05
421,Manitouwadge,49.1215,-85.8403,19.08,92,100,4.52,CA,2022-11-15 01:42:21
422,Sinnamary,5.3833,-52.95,78.57,86,11,10.92,GF,2022-11-15 01:42:21
423,Auxerre,47.8,3.5667,46.63,96,91,6.67,FR,2022-11-15 01:42:21
424,Bontang,0.1333,117.5,77.11,92,100,8.16,ID,2022-11-15 01:42:22
425,Luwingu,-10.2621,29.9271,62.33,90,99,1.52,ZM,2022-11-15 01:42:22
426,Fredericksburg,38.3032,-77.4605,39.31,77,0,0.0,US,2022-11-15 01:42:22
427,Ternate,0.8,127.4,85.21,69,52,5.3,ID,2022-11-15 01:42:23
428,Nea Mesimvria,40.7514,22.7625,57.58,83,97,2.06,GR,2022-11-15 01:42:23
429,Poum,-20.2333,164.0167,76.96,78,31,4.25,NC,2022-11-15 01:40:19
430,Point Pleasant,40.0832,-74.0682,42.96,62,0,4.61,US,2022-11-15 01:38:28
431,Ketchikan,55.3422,-131.6461,43.27,87,100,3.44,US,2022-11-15 01:40:34
432,Nieves,15.3274,120.9485,85.51,63,86,4.97,PH,2022-11-15 01:42:24
433,Shelburne,44.0787,-80.2041,30.65,77,100,0.63,CA,2022-11-15 01:42:24
434,Narrabri,-30.3167,149.7833,72.52,60,70,1.99,AU,2022-11-15 01:42:24
435,Naze,28.3667,129.4833,67.12,72,100,11.39,JP,2022-11-15 01:42:25
436,Sonari,27.0667,95.0333,60.85,76,0,1.34,IN,2022-11-15 01:42:25
437,Gazojak,41.1875,61.4036,42.22,63,23,12.06,TM,2022-11-15 01:42:25
438,Meulaboh,4.1363,96.1285,76.08,90,100,6.06,ID,2022-11-15 01:42:26
439,Adolfo Lopez Mateos,28.4667,-107.3,51.93,57,100,7.07,MX,2022-11-15 01:42:26
440,Alofi,-19.0595,-169.9187,76.91,86,100,16.82,NU,2022-11-15 01:42:26
441,Dingle,10.9995,122.6711,85.42,74,100,9.19,PH,2022-11-15 01:38:59
442,Duki,30.1541,68.5728,50.16,54,0,0.69,PK,2022-11-15 01:42:27
443,Ouesso,1.6136,16.0517,70.03,95,100,0.72,CG,2022-11-15 01:42:27
444,Mandalgovi,45.7625,106.2708,29.89,32,4,7.81,MN,2022-11-15 01:42:27
445,Vila,42.0304,-8.1588,49.08,89,100,10.74,PT,2022-11-15 01:42:28
446,Rocha,-34.4833,-54.3333,62.64,87,100,14.41,UY,2022-11-15 01:40:38
447,Marsh Harbour,26.5412,-77.0636,78.66,75,3,12.53,BS,2022-11-15 01:42:28
448,Canon City,38.441,-105.2424,33.78,69,100,0.0,US,2022-11-15 01:42:29
449,Bijar,35.8668,47.6051,33.22,68,0,6.4,IR,2022-11-15 01:42:29
450,Yola,9.2,12.4833,73.47,35,5,2.06,NG,2022-11-15 01:42:29
451,Cacak,43.8914,20.3497,42.4,89,97,1.7,RS,2022-11-15 01:42:29
452,Charters Towers,-20.1,146.2667,91.33,38,88,2.93,AU,2022-11-15 01:42:30
453,Maniitsoq,65.4167,-52.9,25.81,82,95,13.73,GL,2022-11-15 01:42:30
454,Hovd,48.0056,91.6419,25.34,26,45,4.88,MN,2022-11-15 01:43:30
455,Makakilo City,21.3469,-158.0858,82.72,54,0,18.41,US,2022-11-15 01:43:31
456,Novosergiyevka,52.0934,53.6528,22.68,87,100,18.28,RU,2022-11-15 01:43:31
457,Dayong,25.0209,118.2898,75.63,66,99,1.54,CN,2022-11-15 01:43:31
458,Havre-Saint-Pierre,50.2334,-63.5986,26.6,74,100,9.22,CA,2022-11-15 01:43:32
459,Huangchuan,32.1272,115.0394,55.26,53,0,4.21,CN,2022-11-15 01:43:32
460,Borogontsy,62.6683,131.1683,-28.64,97,69,4.99,RU,2022-11-15 01:43:32
461,Requena,39.4883,-1.1004,58.51,81,98,10.11,ES,2022-11-15 01:43:33
462,Mackay,-21.15,149.2,93.69,68,65,14.36,AU,2022-11-15 01:43:33
463,Isangel,-19.55,169.2667,84.31,74,20,3.44,VU,2022-11-15 01:43:34
464,San Pedro,14.35,121.0167,85.35,83,75,3.44,PH,2022-11-15 01:43:34
465,Altay,47.8667,88.1167,29.07,39,74,6.02,CN,2022-11-15 01:43:34
466,Itupiranga,-5.1347,-49.3267,80.92,94,97,2.37,BR,2022-11-15 01:43:34
467,Gao,16.6362,1.637,70.59,17,18,11.32,ML,2022-11-15 01:43:35
468,Randfontein,-26.1844,27.702,57.6,87,16,9.84,ZA,2022-11-15 01:43:35
469,Aswan,24.0934,32.907,65.97,59,0,11.23,EG,2022-11-15 01:43:36
470,Bathsheba,13.2167,-59.5167,81.21,83,20,19.57,BB,2022-11-15 01:39:13
471,Kudat,6.8837,116.8477,84.29,79,20,1.14,MY,2022-11-15 01:43:36
472,Beaufort,5.3473,115.7455,86.31,67,94,3.04,MY,2022-11-15 01:43:36
473,Saint-Georges,12.0564,-61.7485,82.08,83,20,25.32,GD,2022-11-15 01:40:24
474,Sao Filipe,14.8961,-24.4956,75.15,74,100,10.85,CV,2022-11-15 01:43:37
475,Quelimane,-17.8786,36.8883,75.15,88,40,5.75,MZ,2022-11-15 01:43:37
476,Yurimaguas,-5.9,-76.0833,77.22,83,100,0.94,PE,2022-11-15 01:43:37
477,Kruisfontein,-34.0033,24.7314,58.89,60,76,8.86,ZA,2022-11-15 01:43:38
478,Cap-Aux-Meules,47.3821,-61.8597,35.65,69,100,27.63,CA,2022-11-15 01:43:38
479,Porto Novo,6.4965,2.6036,82.22,84,22,3.13,BJ,2022-11-15 01:43:38
480,Kieta,-6.2167,155.6333,84.74,64,100,4.76,PG,2022-11-15 01:43:39
481,Tupik,54.4253,119.9327,14.0,93,100,2.15,RU,2022-11-15 01:43:39
482,Sola,-13.8833,167.55,86.67,70,2,0.0,VU,2022-11-15 01:43:39
483,Riberalta,-10.9833,-66.1,75.54,91,100,1.1,BO,2022-11-15 01:43:40
484,Gulabpura,25.9,74.6667,65.71,38,0,5.41,IN,2022-11-15 01:43:40
485,Bereznehuvate,47.3078,32.8499,35.62,84,49,6.24,UA,2022-11-15 01:43:40
486,Lewistown,40.5992,-77.5714,34.18,89,0,0.0,US,2022-11-15 01:43:41
487,Tautira,-17.7333,-149.15,79.03,78,100,9.06,PF,2022-11-15 01:43:41
488,Komsomolskiy,40.4272,71.7189,38.12,87,95,2.3,UZ,2022-11-15 01:41:37
489,Nago,26.5881,127.9761,72.45,74,99,5.39,JP,2022-11-15 01:43:41
490,Lamu,-2.2717,40.902,77.22,87,100,3.31,KE,2022-11-15 01:43:42
491,Sterling,39.0062,-77.4286,40.53,71,20,5.75,US,2022-11-15 01:41:53
492,Buraydah,26.326,43.975,68.45,31,42,5.53,SA,2022-11-15 01:43:42
493,San Ramon,37.7799,-121.978,55.96,59,0,8.05,US,2022-11-15 01:39:31
494,Cairns,-16.9167,145.7667,99.07,67,32,11.5,AU,2022-11-15 01:40:52
495,Praia,14.9215,-23.5087,75.74,73,20,12.66,CV,2022-11-15 01:38:56
496,Gwadar,25.1216,62.3254,76.95,70,0,4.72,PK,2022-11-15 01:43:43
497,Imbituba,-28.24,-48.6703,69.71,89,94,4.76,BR,2022-11-15 01:43:43
498,Port Hedland,-20.3167,118.5667,86.05,21,67,8.05,AU,2022-11-15 01:43:43
499,Bagdarin,54.4333,113.6,19.42,73,13,2.98,RU,2022-11-15 01:43:44
500,Melfi,40.9965,15.6514,47.53,93,79,4.32,IT,2022-11-15 01:44:44
501,Sabang,5.8933,95.3214,80.35,79,100,16.42,ID,2022-11-15 01:44:44
502,Cap Malheureux,-19.9842,57.6142,68.47,65,0,5.99,MU,2022-11-15 01:44:45
503,Kalmunai,7.4167,81.8167,77.63,83,100,5.97,LK,2022-11-15 01:44:45
504,Kungurtug,50.5994,97.5228,15.19,78,14,2.06,RU,2022-11-15 01:44:45
505,Rayevskaya,44.8319,37.5556,32.92,82,11,6.04,RU,2022-11-15 01:44:46
506,Yar-Sale,66.8333,70.8333,-4.67,92,87,7.83,RU,2022-11-15 01:44:46
507,College,64.8569,-147.8028,28.08,94,100,3.44,US,2022-11-15 01:44:46
508,Kaduna,10.5222,7.4383,65.73,27,7,6.87,NG,2022-11-15 01:42:23
509,Saint-Jean-De-Maurienne,45.1667,6.5833,31.14,98,100,5.84,FR,2022-11-15 01:44:47
510,Santa Isabel Do Rio Negro,-0.4139,-65.0192,79.21,80,71,2.66,BR,2022-11-15 01:44:47
511,Byron Bay,-28.65,153.6167,84.7,49,0,11.05,AU,2022-11-15 01:41:57
512,Quimperle,47.8667,-3.55,56.98,94,100,24.16,FR,2022-11-15 01:44:48
513,Damphu,27.0721,90.1096,63.36,59,14,1.7,BT,2022-11-15 01:44:48
514,Morehead,37.2711,-87.1764,40.95,81,97,6.55,US,2022-11-15 01:44:48
515,Alekseyevka,50.6309,38.6903,27.93,72,7,5.21,RU,2022-11-15 01:44:49
516,Synya,65.3718,58.0387,-3.44,95,96,3.62,RU,2022-11-15 01:44:49
517,Turayf,31.6725,38.6637,59.25,100,75,18.41,SA,2022-11-15 01:44:49
518,Beidao,34.5686,105.8933,49.21,56,63,1.66,CN,2022-11-15 01:44:50
519,Humaita,-7.5061,-63.0208,76.48,86,96,0.85,BR,2022-11-15 01:44:50
520,Vardo,70.3705,31.1107,35.58,93,100,18.41,NO,2022-11-15 01:44:50
521,Keti Bandar,24.1447,67.4497,75.09,51,1,12.3,PK,2022-11-15 01:44:51
522,Ambilobe,-13.2,49.05,71.13,86,9,3.8,MG,2022-11-15 01:44:51
523,Odweyne,9.4092,45.064,63.46,56,0,9.57,SO,2022-11-15 01:44:51
524,Batagay,67.6333,134.6333,-28.73,100,74,2.24,RU,2022-11-15 01:44:52
525,Aykino,62.2248,49.9922,12.49,88,100,6.67,RU,2022-11-15 01:44:52
526,Omboue,-1.5746,9.2618,74.84,92,100,6.42,GA,2022-11-15 01:44:52
527,Solnechnyy,50.7214,136.6319,23.83,60,14,3.2,RU,2022-11-15 01:44:53
528,Belle Glade,26.6845,-80.6676,75.06,79,0,8.32,US,2022-11-15 01:44:53
529,Kudahuvadhoo,2.6708,72.8944,81.27,76,55,12.59,MV,2022-11-15 01:44:53
530,Marsa Matruh,31.3525,27.2453,63.5,69,5,10.51,EG,2022-11-15 01:44:53
531,Okhotsk,59.3833,143.3,13.26,90,100,6.82,RU,2022-11-15 01:44:54
532,Deputatskiy,69.3,139.9,-27.71,97,72,5.21,RU,2022-11-15 01:44:54
533,Minnedosa,50.2453,-99.8436,16.36,96,94,5.26,CA,2022-11-15 01:44:54
534,Semey,50.4111,80.2275,44.82,70,75,22.37,KZ,2022-11-15 01:44:55
535,Nueve De Julio,-35.4444,-60.8831,61.97,67,0,13.76,AR,2022-11-15 01:44:55
536,Oksfjord,70.2396,22.3479,39.38,94,100,8.01,NO,2022-11-15 01:44:55
537,San Policarpo,12.1791,125.5072,82.62,84,100,12.93,PH,2022-11-15 01:44:56
538,Kontagora,10.3999,5.4695,70.23,26,11,5.28,NG,2022-11-15 01:44:56
539,Larkollen,59.3339,10.6656,43.14,93,100,8.05,NO,2022-11-15 01:44:57
540,Uvat,59.1433,68.8953,16.36,92,100,10.56,RU,2022-11-15 01:44:57
541,Coquimbo,-29.9533,-71.3436,58.73,88,0,1.14,CL,2022-11-15 01:40:04
542,Ewa Beach,21.3156,-158.0072,84.15,54,0,18.41,US,2022-11-15 01:44:57
543,Pedasi,7.5333,-80.0333,76.06,86,57,8.16,PA,2022-11-15 01:44:58
544,Beira,-19.8436,34.8389,73.49,100,100,10.36,MZ,2022-11-15 01:44:58
545,Dvinskoy,62.1535,45.1175,20.1,81,7,4.9,RU,2022-11-15 01:44:58
546,Vossevangen,60.623,6.4229,48.36,76,100,6.73,NO,2022-11-15 01:44:59
